kpn,parent_kpn
hanwoo,
KPN001,hanwoo
KPN002,hanwoo
KPN003,hanwoo
KPN004,hanwoo
KPN005,hanwoo
KPN006,hanwoo
KPN007,hanwoo
KPN008,hanwoo
KPN009,hanwoo
KPN010,hanwoo
KPN011,hanwoo
KPN012,hanwoo
KPN013,hanwoo
KPN014,hanwoo
KPN015,hanwoo
KPN016,hanwoo
KPN017,hanwoo
KPN018,hanwoo
KPN020,hanwoo
KPN021,hanwoo
KPN022,hanwoo
KPN023,hanwoo
KPN024,hanwoo
KPN025,hanwoo
KPN026,hanwoo
KPN027,hanwoo
KPN028,hanwoo
KPN029,hanwoo
KPN030,hanwoo
KPN031,hanwoo
KPN032,hanwoo
KPN033,hanwoo
KPN034,hanwoo
KPN035,hanwoo
KPN036,hanwoo
KPN037,hanwoo
KPN038,hanwoo
KPN039,K045
KPN040,K045
KPN041,hanwoo
KPN042,hanwoo
KPN043,hanwoo
KPN044,hanwoo
KPN045,hanwoo
KPN046,hanwoo
KPN047,hanwoo
KPN048,hanwoo
KPN049,hanwoo
KPN050,hanwoo
KPN051,hanwoo
KPN052,K103
KPN053,K030
KPN054,K074
KPN055,K074
KPN056,K096
KPN057,K074
KPN058,KPN002
KPN059,KPN007
KPN060,KPN007
KPN061,KPN010
KPN062,hanwoo
KPN063,KPN002
KPN064,hanwoo
KPN065,hanwoo
KPN066,hanwoo
KPN067,hanwoo
KPN068,hanwoo
KPN069,K154
KPN070,K126
KPN071,K170
KPN072,K136
KPN073,K113
KPN074,K103
KPN075,K073
KPN076,hanwoo
KPN077,KPN032
KPN078,K269
KPN079,K207
KPN080,hanwoo
KPN081,K104
KPN082,hanwoo
KPN083,K170
KPN084,K074
KPN085,K170
KPN086,K074
KPN087,KPN032
KPN088,hanwoo
KPN089,K288
KPN090,K288
KPN091,hanwoo
KPN092,K112
KPN093,K131
KPN094,hanwoo
KPN095,hanwoo
KPN096,K133
KPN097,K201
KPN098,K201
KPN099,K201
KPN100,KPN032
KPN101,KPN032
KPN102,hanwoo
KPN103,K292
KPN104,K131
KPN105,K118
KPN106,hanwoo
KPN107,hanwoo
KPN108,K201
KPN109,K133
KPN110,K217
KPN111,hanwoo
KPN112,K279
KPN113,K118
KPN114,K131
KPN115,hanwoo
KPN116,K133
KPN117,hanwoo
KPN118,K140
KPN119,KPN032
KPN120,KPN032
KPN121,KPN032
KPN122,K140
KPN123,KPN016
KPN124,K131
KPN125,hanwoo
KPN126,hanwoo
KPN127,hanwoo
KPN128,hanwoo
KPN129,KPN002
KPN130,K279
KPN131,KPN014
KPN132,K131
KPN134,KPN009
KPN135,K172
KPN136,K359
KPN137,K227
KPN138,K227
KPN139,K205
KPN140,hanwoo
KPN141,hanwoo
KPN142,hanwoo
KPN144,KPN014
KPN145,K131
KPN146,KPN037
KPN147,KPN036
KPN148,KPN013
KPN149,KPN013
KPN150,KPN033
KPN151,K292
KPN152,K292
KPN153,hanwoo
KPN154,KPN013
KPN155,KP172
KPN156,K217
KPN157,hanwoo
KPN158,hanwoo
KPN159,KPN004
KPN161,KP041
KPN162,KPN032
KPN163,KPN012
KPN164,KPN014
KPN165,KPN011
KPN166,KPN011
KPN167,K331
KPN168,K131
KPN169,KPN014
KPN170,KP041
KPN171,KPN040
KPN172,KPN011
KPN173,KPN032
KPN174,KPN002
KPN175,hanwoo
KPN176,KPN011
KPN177,KPN032
KPN178,KPN032
KPN179,KPN056
KPN180,KPN015
KPN181,hanwoo
KPN182,KPN031
KPN183,hanwoo
KPN184,hanwoo
KPN185,KPN052
KPN186,KPN011
KPN187,KPN033
KPN188,KPN050
KPN189,KPN007
KPN190,hanwoo
KPN191,KPN060
KPN192,KPN048
KPN193,KPN003
KPN194,KPN003
KPN195,KPN032
KPN196,KPN033
KPN197,KPN015
KPN198,KPN015
KPN199,KPN033
KPN200,KPN040
KPN201,KPN050
KPN202,KPN076
KPN203,KPN040
KPN204,KPN013
KPN205,KPN037
KPN206,KPN034
KPN207,hanwoo
KPN208,KPN076
KPN209,KPN069
KPN210,KPN077
KPN211,KPN084
KPN212,KPN089
KPN213,KPN065
KPN214,KPN102
KPN215,KPN049
KPN216,KPN040
KPN217,KPN038
KPN218,KPN083
KPN219,KPN094
KPN220,KPN027
KPN222,KPN086
KPN223,KPN050
KPN224,KPN050
KPN225,KPN090
KPN226,KPN109
KPN227,KPN104
KPN228,KPN052
KPN229,KPN056
KPN230,KPN043
KPN231,KPN108
KPN232,KPN039
KPN233,KPN103
KPN234,KPN043
KPN235,KPN052
KPN236,KPN052
KPN237,KPN120
KPN238,KPN063
KPN239,KPN052
KPN240,KPN075
KPN241,KPN038
KPN242,KP344
KPN243,KPN195
KPN244,KPN123
KPN245,KPN111
KPN246,KPN081
KPN247,KPN059
KPN248,KPN117
KPN249,KPN108
KPN250,KPN188
KPN251,KPN054
KPN252,KPN043
KPN253,KPN114
KPN254,KPN028
KPN255,KPN033
KPN256,KPN103
KPN257,KPN111
KPN258,KPN116
KPN259,KPN094
KPN260,KP341
KPN261,KPN136
KPN262,KPN077
KPN263,KPN131
KPN264,KPN079
KPN265,KPN077
KPN266,KPN077
KPN267,KPN131
KPN268,KPN131
KPN269,KPN105
KPN270,KPN127
KPN271,KPN093
KPN272,KPN094
KPN273,KPN123
KPN274,KPN205
KPN275,KP391
KPN276,KPN116
KPN277,KPN122
KPN278,KPN094
KPN279,KPN109
KPN280,KPN110
KPN281,KPN108
KPN282,KPN129
KPN283,KPN077
KPN284,KPN136
KPN285,KPN079
KPN286,KPN090
KPN287,KPN090
KPN288,KPN122
KPN289,KPN122
KPN290,KPN123
KPN291,KPN121
KPN292,KPN079
KPN293,KPN151
KPN294,KPN079
KPN295,KPN079
KPN296,KPN213
KPN297,KPN151
KPN298,KPN214
KPN299,KPN219
KPN300,KPN084
KPN301,KPN084
KPN302,KPN094
KPN303,KPN094
KPN304,KPN069
KPN305,KPN069
KPN306,KPN091
KPN307,KPN233
KPN308,KPN227
KPN309,KPN145
KPN310,KPN137
KPN311,KPN159
KPN312,KPN159
KPN313,KPN159
KPN314,KPN159
KPN315,KPN124
KPN316,KPN121
KPN317,KPN069
KPN318,KPN094
KPN319,KPN122
KPN320,KPN147
KPN321,KPN111
KPN322,KPN094
KPN323,KPN147
KPN324,KPN147
KPN325,KPN240
KPN326,KPN147
KPN327,KPN247
KPN328,KPN247
KPN329,KPN247
KPN330,KPN147
KPN331,KPN124
KPN332,KPN123
KPN333,KPN123
KPN334,KPN147
KPN335,KPN151
KPN336,KPN147
KPN337,KPN147
KPN338,KPN147
KPN339,KPN147
KPN340,KPN147
KPN341,KPN146
KPN342,KPN151
KPN343,KPN063
KPN344,KPN151
KPN345,KPN137
KPN346,KPN054
KPN347,KPN151
KPN348,KPN147
KPN349,KPN171
KPN350,KPN147
KPN351,KPN122
KPN352,KPN147
KPN353,KPN170
KPN354,KPN147
KPN355,KPN072
KPN356,KPN147
KPN357,KPN124
KPN358,KPN103
KPN359,KPN111
KPN360,KPN145
KPN361,KPN111
KPN362,KPN111
KPN363,KPN145
KPN364,KPN191
KPN365,KPN260
KPN366,KPN189
KPN367,KPN188
KPN368,KPN147
KPN369,KPN116
KPN370,KPN063
KPN371,KPN146
KPN372,KPN151
KPN373,KPN151
KPN374,KPN171
KPN375,KPN147
KPN376,KPN076
KPN377,KPN076
KPN378,KPN076
KPN379,KPN085
KPN380,KPN094
KPN381,KPN094
KPN382,KPN085
KPN383,KPN085
KPN384,KPN151
KPN385,KPN247
KPN386,KPN137
KPN387,KPN123
KPN388,KPN123
KPN389,KPN137
KPN390,KPN147
KPN391,KPN147
KPN392,KPN122
KPN393,KPN123
KPN394,KPN123
KPN395,KPN127
KPN396,KPN131
KPN397,KPN147
KPN398,KPN151
KPN399,KPN147
KPN400,KPN146
KPN401,KPN146
KPN402,KPN127
KPN403,KPN127
KPN404,KPN127
KPN405,KPN127
KPN406,KPN127
KPN407,KPN171
KPN408,KPN147
KPN409,KPN147
KPN410,KPN198
KPN411,KPN127
KPN412,KPN137
KPN413,KPN144
KPN414,KPN200
KPN415,KPN200
KPN416,KPN183
KPN417,KPN201
KPN418,KPN201
KPN419,KPN201
KPN420,KPN137
KPN421,KPN187
KPN422,KPN187
KPN423,KPN137
KPN424,KPN127
KPN425,KPN131
KPN426,KPN127
KPN427,KPN127
KPN428,KPN127
KPN429,KPN247
KPN430,KPN190
KPN431,KPN147
KPN432,KPN111
KPN433,KPN315
KPN434,KPN187
KPN435,KPN187
KPN436,KPN187
KPN437,KPN200
KPN438,KPN200
KPN439,KPN127
KPN440,KPN147
KPN441,KPN187
KPN442,KPN187
KPN443,KPN187
KPN444,KPN111
KPN445,KPN201
KPN446,KPN138
KPN447,KPN187
KPN448,KPN200
KPN449,KPN147
KPN450,KPN243
KPN451,KPN243
KPN452,KPN219
KPN453,KPN201
KPN454,KPN137
KPN455,KPN219
KPN456,KPN184
KPN457,KPN219
KPN458,KPN141
KPN459,KPN243
KPN460,KPN219
KPN461,KPN137
KPN462,KPN137
KPN463,KPN200
KPN464,KPN184
KPN465,KPN187
KPN466,KPN187
KPN467,KPN202
KPN468,KPN184
KPN469,KPN137
KPN470,KPN137
KPN471,KPN123
KPN472,KPN200
KPN473,KPN200
KPN474,KPN148
KPN475,KPN187
KPN476,KPN187
KPN477,KPN187
KPN478,KPN184
KPN479,KPN200
KPN480,KPN219
KPN481,KPN137
KPN482,KPN244
KPN483,KPN222
KPN484,KPN219
KPN485,KPN266
KPN486,KPN219
KPN487,KPN222
KPN488,KPN184
KPN489,KPN137
KPN490,KPN201
KPN491,KPN137
KPN492,KPN219
KPN493,KPN244
KPN494,KPN299
KPN495,KPN189
KPN496,KPN219
KPN497,KPN299
KPN498,KPN232
KPN499,KPN252
KPN500,KPN184
KPN501,KPN224
KPN502,KPN184
KPN503,KPN219
KPN504,KPN219
KPN505,KPN219
KPN506,KPN219
KPN507,KPN219
KPN508,KPN229
KPN509,KPN147
KPN510,KPN216
KPN511,KPN202
KPN512,KPN198
KPN513,KPN191
KPN514,KPN138
KPN515,KPN218
KPN516,KPN218
KPN517,KPN229
KPN518,KPN218
KPN519,KPN229
KPN520,KPN244
KPN521,KPN184
KPN522,KPN184
KPN523,KPN184
KPN524,KPN267
KPN525,KPN229
KPN526,KPN229
KPN527,KPN184
KPN528,KPN212
KPN529,KPN216
KPN530,KPN273
KPN531,KPN218
KPN532,KPN229
KPN533,KPN244
KPN534,KPN320
KPN535,KPN184
KPN536,KPN184
KPN537,KPN184
KPN538,KPN229
KPN539,KPN229
KPN540,KPN200
KPN541,KPN232
KPN542,KPN243
KPN543,KPN207
KPN544,KPN184
KPN545,KPN248
KPN546,KPN243
KPN547,KPN227
KPN548,KPN267
KPN549,KPN212
KPN550,KPN261
KPN551,KPN267
KPN552,KPN232
KPN553,KPN252
KPN554,KPN216
KPN555,KPN218
KPN556,KPN244
KPN557,KPN184
KPN558,KPN279
KPN559,KPN279
KPN560,KPN209
KPN561,KPN199
KPN562,KPN243
KPN563,KPN243
KPN564,KPN243
KPN565,KPN249
KPN566,KPN284
KPN567,KPN326
KPN568,KPN284
KPN569,KPN350
KPN570,KPN284
KPN571,KPN310
KPN572,KPN279
KPN573,KPN350
KPN574,KPN302
KPN575,KPN229
KPN576,KPN263
KPN577,KPN248
KPN578,KPN227
KPN579,KPN229
KPN580,KPN229
KPN581,KPN227
KPN582,KPN261
KPN583,KPN261
KPN584,KPN256
KPN585,KPN184
KPN586,KPN243
KPN587,KPN232
KPN588,KPN279
KPN589,KPN256
KPN590,KPN338
KPN591,KPN338
KPN592,KPN333
KPN593,KPN334
KPN594,KPN281
KPN595,KPN336
KPN596,KPN273
KPN597,KPN310
KPN598,KPN200
KPN599,KPN248
KPN600,KPN248
KPN601,KPN248
KPN602,KPN289
KPN603,KPN267
KPN604,KPN267
KPN605,KPN281
KPN606,KPN338
KPN607,KPN327
KPN608,KPN327
KPN609,KPN227
KPN610,KPN336
KPN611,KPN279
KPN612,KPN281
KPN613,KPN227
KPN614,KPN263
KPN615,KPN336
KPN616,KPN336
KPN617,KPN281
KPN618,KPN244
KPN619,KPN249
KPN620,KPN338
KPN621,KPN263
KPN622,KPN267
KPN623,KPN249
KPN624,KPN310
KPN625,KPN333
KPN626,KPN279
KPN627,KPN256
KPN628,KPN333
KPN629,KPN338
KPN630,KPN273
KPN631,KPN336
KPN632,KPN338
KPN633,KPN338
KPN634,KPN338
KPN635,KPN281
KPN636,KPN333
KPN637,KPN334
KPN638,KPN273
KPN639,KPN334
KPN640,KPN336
KPN641,KPN330
KPN642,KPN281
KPN643,KPN310
KPN644,KPN387
KPN645,KPN387
KPN646,KPN394
KPN647,KPN338
KPN648,KPN338
KPN649,KPN336
KPN650,KPN387
KPN651,KPN333
KPN652,KPN338
KPN653,KPN393
KPN654,KPN281
KPN655,KPN333
KPN656,KPN337
KPN657,KPN333
KPN658,KPN330
KPN659,KPN333
KPN660,KPN338
KPN661,KPN330
KPN662,KPN249
KPN663,KPN482
KPN664,KPN348
KPN665,KPN334
KPN666,KPN354
KPN667,KPN330
KPN668,KPN330
KPN669,KPN281
KPN670,KPN388
KPN671,KPN333
KPN672,KPN273
KPN673,KPN310
KPN674,KPN407
KPN675,KPN448
KPN676,KPN369
KPN677,KPN588
KPN678,KPN330
KPN679,KPN267
KPN680,KPN558
KPN681,KPN546
KPN682,KPN369
KPN683,KPN482
KPN684,KPN393
KPN685,KPN338
KPN686,KPN330
KPN687,KPN388
KPN688,KPN338
KPN689,KPN448
KPN690,KPN338
KPN691,KPN338
KPN692,KPN330
KPN693,KPN450
KPN694,KPN338
KPN695,KPN460
KPN696,KPN369
KPN697,KPN333
KPN698,KPN452
KPN699,KPN393
KPN700,KPN388
KPN701,KPN369
KPN702,KPN354
KPN703,KPN393
KPN704,KPN393
KPN705,KPN448
KPN706,KPN460
KPN707,KPN452
KPN708,KPN452
KPN709,KPN460
KPN710,KPN460
KPN711,KPN484
KPN712,KPN387
KPN713,KPN452
KPN714,KPN460
KPN715,KPN388
KPN716,KPN369
KPN717,KPN388
KPN718,KPN484
KPN719,KPN486
KPN720,KPN506
KPN721,KPN484
KPN722,KPN460
KPN723,KPN472
KPN724,KPN480
KPN725,KPN369
KPN726,KPN452
KPN727,KPN480
KPN728,KPN486
KPN729,KPN387
KPN730,KPN452
KPN731,KPN486
KPN732,KPN472
KPN733,KPN458
KPN734,KPN452
KPN735,KPN273
KPN736,KPN334
KPN737,KPN334
KPN738,KPN263
KPN739,KPN388
KPN740,KPN369
KPN741,KPN338
KPN742,KPN338
KPN743,KPN393
KPN744,KPN450
KPN745,KPN369
KPN746,KPN393
KPN747,KPN369
KPN748,KPN485
KPN749,KPN452
KPN750,KPN546
KPN751,KPN521
KPN752,KPN546
KPN753,KPN485
KPN754,KPN506
KPN755,KPN460
KPN756,KPN486
KPN757,KPN486
KPN758,KPN369
KPN759,KPN485
KPN760,KPN369
KPN761,KPN460
KPN762,KPN369
KPN763,KPN369
KPN764,KPN452
KPN765,KPN484
KPN766,KPN369
KPN767,KPN369
KPN768,KPN387
KPN769,KPN480
KPN770,KPN485
KPN771,KPN460
KPN772,KPN456
KPN773,KPN506
KPN774,KPN452
KPN775,KPN485
KPN776,KPN506
KPN777,KPN480
KPN778,KPN506
KPN779,KPN521
KPN780,KPN486
KPN781,KPN538
KPN782,KPN484
KPN783,KPN538
KPN784,KPN457
KPN785,KPN486
KPN786,KPN496
KPN787,KPN369
KPN788,KPN480
KPN789,KPN480
KPN790,KPN484
KPN791,KPN484
KPN792,KPN458
KPN793,KPN484
KPN794,KPN413
KPN795,KPN484
KPN796,KPN449
KPN797,KPN458
KPN798,KPN486
KPN799,KPN484
KPN800,KPN480
KPN801,KPN480
KPN802,KPN538
KPN803,KPN538
KPN804,KPN538
KPN805,KPN538
KPN806,KPN486
KPN807,KPN538
KPN808,KPN486
KPN809,KPN538
KPN810,KPN538
KPN811,KPN538
KPN812,KPN538
KPN813,KPN484
KPN814,KPN484
KPN815,KPN521
KPN816,KPN369
KPN817,KPN538
KPN818,KPN538
KPN819,KPN538
KPN820,KPN484
KPN821,KPN484
KPN822,KPN448
KPN823,KPN484
KPN824,KPN521
KPN825,KPN538
KPN826,KPN538
KPN827,KPN538
KPN828,KPN538
KPN829,KPN413
KPN830,KPN449
KPN831,KPN531
KPN832,KPN449
KPN833,KPN480
KPN834,KPN486
KPN835,KPN480
KPN836,KPN484
KPN837,KPN484
KPN838,KPN486
KPN839,KPN486
KPN840,KPN480
KPN841,KPN505
KPN842,KPN505
KPN843,KPN500
KPN844,KPN538
KPN845,KPN538
KPN846,KPN500
KPN847,KPN507
KPN848,KPN571
KPN849,KPN497
KPN850,KPN431
KPN851,KPN507
KPN852,KPN431
KPN853,KPN531
KPN854,KPN507
KPN855,KPN505
KPN856,KPN517
KPN857,KPN505
KPN858,KPN413
KPN859,KPN497
KPN860,KPN506
KPN861,KPN572
KPN862,KPN507
KPN863,KPN500
KPN864,KPN486
KPN865,KPN486
KPN866,KPN480
KPN867,KPN480
KPN868,KPN480
KPN869,KPN709
KPN870,KPN565
KPN871,KPN506
KPN872,KPN769
KPN873,KPN771
KPN874,KPN506
KPN875,KPN506
KPN876,KPN497
KPN877,KPN709
KPN878,KPN606
KPN879,KPN505
KPN880,KPN497
KPN881,KPN497
KPN882,KPN505
KPN883,KPN505
KPN884,KPN505
KPN885,KPN606
KPN886,KPN480
KPN887,KPN497
KPN888,KPN486
KPN889,KPN506
KPN890,KPN506
KPN891,KPN486
KPN892,KPN486
KPN893,KPN588
KPN894,KPN716
KPN895,KPN716
KPN896,KPN626
KPN897,KPN565
KPN898,KPN588
KPN899,KPN413
KPN900,KPN758
KPN901,KPN550
KPN902,KPN605
KPN903,KPN606
KPN904,KPN521
KPN905,KPN566
KPN906,KPN606
KPN907,KPN505
KPN908,KPN507
KPN909,KPN505
KPN910,KPN507
KPN911,KPN588
KPN912,KPN588
KPN913,KPN507
KPN914,KPN486
KPN915,KPN506
KPN916,KPN506
KPN917,KPN486
KPN918,KPN725
KPN919,KPN588
KPN920,KPN631
KPN921,KPN588
KPN922,KPN641
KPN923,KPN413
KPN924,KPN538
KPN925,KPN626
KPN926,KPN626
KPN927,KPN642
KPN928,KPN507
KPN929,KPN642
KPN930,KPN507
KPN931,KPN588
KPN932,KPN588
KPN933,KPN538
KPN934,KPN606
KPN935,KPN606
KPN936,KPN642
KPN937,KPN538
KPN938,KPN642
KPN939,KPN593
KPN940,KPN606
KPN941,KPN641
KPN942,KPN658
KPN943,KPN758
KPN944,KPN828
KPN945,KPN606
KPN946,KPN641
KPN947,KPN783
KPN948,KPN565
KPN949,KPN642
KPN950,KPN642
KPN951,KPN642
KPN952,KPN642
KPN953,KPN586
KPN954,KPN628
KPN955,KPN626
KPN956,KPN586
KPN957,KPN642
KPN958,KPN586
KPN959,KPN628
KPN960,KPN586
KPN961,KPN586
KPN962,KPN538
KPN963,KPN593
KPN964,KPN628
KPN965,KPN628
KPN966,KPN593
KPN967,KPN593
KPN968,KPN676
KPN969,KPN626
KPN970,KPN612
KPN971,KPN792
KPN972,KPN689
KPN973,KPN802
KPN974,KPN878
KPN975,KPN676
KPN976,KPN683
KPN977,KPN797
KPN978,KPN390
KPN979,KPN654
KPN980,KPN828
KPN981,KPN772
KPN982,KPN878
KPN983,KPN641
KPN984,KPN685
KPN985,KPN586
KPN986,KPN688
KPN987,KPN593
KPN988,KPN677
KPN989,KPN775
KPN990,KPN872
KPN991,KPN878
KPN992,KPN593
KPN993,KPN873
KPN994,KPN709
KPN995,KPN673
KPN996,KPN872
KPN997,KPN683
KPN998,KPN676
KPN999,KPN683
KPN1000,KPN676
KPN1001,KPN642
KPN1002,KPN683
KPN1003,KPN825
KPN1004,KPN780
KPN1005,KPN825
KPN1006,KPN683
KPN1007,KPN642
KPN1008,KPN538
KPN1009,KPN642
KPN1010,KPN586
KPN1011,KPN825
KPN1012,KPN586
KPN1013,KPN593
KPN1014,KPN825
KPN1015,KPN780
KPN1016,KPN683
KPN1017,KPN676
KPN1018,KPN673
KPN1019,KPN841
KPN1020,KPN885
KPN1021,KPN825
KPN1022,KPN825
KPN1023,KPN870
KPN1024,KPN841
KPN1025,KPN842
KPN1026,KPN614
KPN1027,KPN828
KPN1028,KPN809
KPN1029,KPN809
KPN1030,KPN683
KPN1031,KPN683
KPN1032,KPN593
KPN1033,KPN809
KPN1034,KPN730
KPN1035,KPN683
KPN1036,KPN689
KPN1037,KPN676
KPN1038,KPN676
KPN1039,KPN712
KPN1040,KPN676
KPN1041,KPN708
KPN1042,KPN825
KPN1043,KPN712
KPN1044,KPN712
KPN1045,KPN673
KPN1046,KPN730
KPN1047,KPN730
KPN1048,KPN730
KPN1049,KPN676
KPN1050,KPN683
KPN1051,KPN676
KPN1052,KPN757
KPN1053,KPN683
KPN1054,KPN908
KPN1055,KPN887
KPN1056,KPN709
KPN1057,KPN725
KPN1058,KPN683
KPN1059,KPN676
KPN1060,KPN938
KPN1061,KPN938
KPN1062,KPN938
KPN1063,KPN938
KPN1064,KPN768
KPN1065,KPN938
KPN1066,KPN709
KPN1067,KPN689
KPN1068,KPN769
KPN1069,KPN757
KPN1070,KPN926
KPN1071,KPN683
KPN1072,KPN683
KPN1073,KPN676
KPN1074,KPN757
KPN1075,KPN927
KPN1076,KPN757
KPN1077,KPN769
KPN1078,KPN677
KPN1079,KPN688
KPN1080,KPN768
KPN1081,KPN757
KPN1082,KPN699
KPN1083,KPN725
KPN1084,KPN725
KPN1085,KPN712
KPN1086,KPN709
KPN1087,KPN937
KPN1088,KPN953
KPN1089,KPN658
KPN1090,KPN953
KPN1091,KPN933
KPN1092,KPN953
KPN1093,KPN750
KPN1094,KPN933
KPN1095,KPN658
KPN1096,KPN668
KPN1097,KPN953
KPN1098,KPN959
KPN1099,KPN758
KPN1100,KPN768
KPN1101,KPN768
KPN1102,KPN752
KPN1103,KPN771
KPN1104,KPN750
KPN1105,KPN959
KPN1106,KPN750
KPN1107,KPN641
KPN1108,KPN641
KPN1109,KPN959
KPN1110,KPN768
KPN1111,KPN723
KPN1112,KPN881
KPN1113,KPN750
KPN1114,KPN744
KPN1115,KPN677
KPN1116,KPN673
KPN1117,KPN758
KPN1118,KPN769
KPN1119,KPN757
KPN1120,KPN769
KPN1121,KPN952
KPN1122,KPN828
KPN1123,KPN950
KPN1124,KPN872
KPN1125,KPN865
KPN1126,KPN802
KPN1127,KPN865
KPN1128,KPN865
KPN1129,KPN768
KPN1130,KPN789
KPN1131,KPN986
KPN1132,KPN709
KPN1133,KPN789
KPN1134,KPN864
KPN1135,KPN864
KPN1136,KPN789
KPN1137,KPN986
KPN1138,KPN712
KPN1139,KPN709
KPN1140,KPN829
KPN1141,KPN829
KPN1142,KPN986
KPN1143,KPN758
KPN1144,KPN864
KPN1145,KPN768
KPN1146,KPN758
KPN1147,KPN864
KPN1148,KPN864
KPN1149,KPN712
KPN1150,KPN789
KPN1151,KPN744
KPN1152,KPN829
KPN1153,KPN775
KPN1154,KPN802
KPN1155,KPN802
KPN1156,KPN953
KPN1157,KPN953
KPN1158,KPN960
KPN1159,KPN960
KPN1160,KPN841
KPN1161,KPN709
KPN1162,KPN712
KPN1163,KPN955
KPN1164,KPN866
KPN1165,KPN866
KPN1166,KPN863
KPN1167,KPN828
KPN1168,KPN960
KPN1169,KPN866
KPN1170,KPN960
KPN1171,KPN866
KPN1172,KPN937
KPN1173,KPN828
KPN1174,KPN802
KPN1175,KPN768
KPN1176,KPN802
KPN1177,KPN802
KPN1178,KPN802
KPN1179,KPN828
KPN1180,KPN802
KPN1181,KPN926
KPN1182,KPN828
KPN1183,KPN828
KPN1184,KPN863
KPN1185,KPN926
KPN1186,KPN955
KPN1187,KPN829
KPN1188,KPN866
KPN1189,KPN829
KPN1190,KPN841
KPN1191,KPN864
KPN1192,KPN1035
KPN1193,KPN937
KPN1194,KPN1006
KPN1195,KPN960
KPN1196,KPN768
KPN1197,KPN872
KPN1198,KPN828
KPN1199,KPN887
KPN1200,KPN973
KPN1201,KPN775
KPN1202,KPN768
KPN1203,KPN984
KPN1204,KPN841
KPN1205,KPN866
KPN1206,KPN841
KPN1207,KPN802
KPN1208,KPN768
KPN1209,KPN866
KPN1210,KPN802
KPN1211,KPN949
KPN1212,KPN872
KPN1213,KPN984
KPN1214,KPN775
KPN1215,KPN959
KPN1216,KPN828
KPN1217,KPN872
KPN1218,KPN828
KPN1219,KPN802
KPN1220,KPN831
KPN1221,KPN872
KPN1222,KPN802
KPN1223,KPN908
KPN1224,KPN901
KPN1225,KPN1081
KPN1226,KPN1081
KPN1227,KPN866
KPN1228,KPN1053
KPN1229,KPN1064
KPN1230,KPN802
KPN1231,KPN864
KPN1232,KPN1053
KPN1233,KPN802
KPN1234,KPN783
KPN1235,KPN1016
KPN1236,KPN828
KPN1237,KPN828
KPN1238,KPN1008
KPN1239,KPN933
KPN1240,KPN1017
KPN1241,KPN829
KPN1242,KPN841
KPN1243,KPN872
KPN1244,KPN802
KPN1245,KPN802
KPN1246,KPN1008
KPN1247,KPN872
KPN1248,KPN901
KPN1249,KPN872
KPN1250,KPN1017
KPN1251,KPN866
KPN1252,KPN802
KPN1253,KPN1017
KPN1254,KPN789
KPN1255,KPN993
KPN1256,KPN866
KPN1257,KPN866
KPN1258,KPN949
KPN1259,KPN1051
KPN1260,KPN1049
KPN1261,KPN905
KPN1262,KPN1049
KPN1263,KPN919
KPN1264,KPN829
KPN1265,KPN1035
KPN1266,KPN887
KPN1267,KPN872
KPN1268,KPN919
KPN1269,KPN872
KPN1270,KPN1049
KPN1271,KPN1049
KPN1272,KPN1035
KPN1273,KPN887
KPN1274,KPN1035
KPN1275,KPN872
KPN1276,KPN1049
KPN1277,KPN887
KPN1278,KPN1035
KPN1279,KPN1035
KPN1280,KPN1051
KPN1281,KPN1051
KPN1282,KPN828
KPN1283,KPN1029
KPN1284,KPN919
KPN1285,KPN872
KPN1286,KPN829
KPN1287,KPN919
KPN1288,KPN872
KPN1289,KPN919
KPN1290,KPN841
KPN1291,KPN887
KPN1292,KPN958
KPN1293,KPN926
KPN1294,KPN911
KPN1295,KPN1064
KPN1296,KPN950
KPN1297,KPN1061
KPN1298,KPN958
KPN1299,KPN1064
KPN1300,KPN986
KPN1301,KPN1081
KPN1302,KPN950
KPN1303,KPN872
KPN1304,KPN950
KPN1305,KPN950
KPN1306,KPN802
KPN1307,KPN958
KPN1308,KPN983
KPN1309,KPN1081
KPN1310,KPN1016
KPN1311,KPN1081
KPN1312,KPN802
KPN1313,KPN802
KPN1314,KPN1062
KPN1315,KPN1081
KPN1316,KPN1064
KPN1317,KPN887
KPN1318,KPN1024
KPN1319,KPN872
KPN1320,KPN1081
KPN1321,KPN872
KPN1322,KPN872
KPN1323,KPN872
KPN1324,KPN950
KPN1325,KPN1087
KPN1326,KPN1154
KPN1327,KPN866
KPN1328,KPN1087
KPN1329,KPN920
KPN1330,KPN976
KPN1331,KPN976
KPN1332,KPN950
KPN1333,KPN944
KPN1334,KPN1101
KPN1335,KPN984
KPN1336,KPN944
KPN1337,KPN950
KPN1338,KPN984
KPN1339,KPN1101
KPN1340,KPN1145
KPN1341,KPN980
KPN1342,KPN1112
KPN1343,KPN1137
KPN1344,KPN975
KPN1345,KPN1087
KPN1346,KPN1101
KPN1347,KPN905
KPN1348,KPN976
KPN1349,KPN1124
KPN1350,KPN1112
KPN1351,KPN1101
KPN1352,KPN980
KPN1353,KPN912
KPN1354,KPN944
KPN1355,KPN950
KPN1356,KPN1112
KPN1357,KPN920
KPN1358,KPN976
KPN1359,KPN950
KPN1360,KPN872
KPN1361,KPN1206
KPN1362,KPN1193
KPN1363,KPN1136
KPN1364,KPN912
KPN1365,KPN1145
KPN1366,KPN1141
KPN1367,KPN1009
KPN1368,KPN950
KPN1369,KPN995
KPN1370,KPN984
KPN1371,KPN1009
KPN1372,KPN950
KPN1373,KPN990
KPN1374,KPN960
KPN1375,KPN950
KPN1376,KPN912
KPN1377,KPN999
KPN1378,KPN958
KPN1379,KPN950
KPN1380,KPN958
KPN1381,KPN1141
KPN1382,KPN984
KPN1383,KPN990
KPN1384,KPN1002
KPN1385,KPN984
KPN1386,KPN1009
KPN1387,KPN984
KPN1388,KPN1009
KPN1389,KPN999
KPN1390,KPN984
KPN1391,KPN1123
KPN1392,KPN999
KPN1393,KPN999
KPN1394,KPN1017
KPN1395,KPN1017
KPN1396,KPN1168
KPN1397,KPN1170
KPN1398,KPN990
KPN1399,KPN1167
KPN1400,KPN1159
KPN1401,KPN1009
KPN1402,KPN950
KPN1403,KPN1011
KPN1404,KPN1047
KPN1405,KPN944
KPN1406,KPN1046
KPN1407,KPN950
KPN1408,KPN918
KPN1409,KPN950
KPN1410,KPN1049
KPN1411,KPN990
KPN1412,KPN1170
KPN1413,KPN1158
KPN1414,KPN1046
KPN1415,KPN1159
KPN1416,KPN1012
KPN1417,KPN1032
KPN1418,KPN1159
KPN1419,KPN1011
KPN1420,KPN1046
KPN1421,KPN1046
KPN1422,KPN1012
KPN1423,KPN1159
KPN1424,KPN944
KPN1425,KPN944
KPN1426,KPN1017
KPN1427,KPN1034
KPN1428,KPN1034
KPN1429,KPN1034
KPN1430,KPN1017
KPN1431,KPN1017
KPN1432,KPN1137
KPN1433,KPN1064
KPN1434,KPN1216
KPN1435,KPN1060
KPN1436,KPN1064
KPN1437,KPN1069
KPN1438,KPN1009
KPN1439,KPN1009
KPN1440,KPN950
KPN1441,KPN1009
KPN1442,KPN1203
KPN1443,KPN1055
KPN1444,KPN1012
KPN1445,KPN1194
KPN1446,KPN1203
KPN1447,KPN1203
KPN1448,KPN1064
KPN1449,KPN1062
KPN1450,KPN918
KPN1451,KPN1202
KPN1452,KPN1060
KPN1453,KPN1012
KPN1454,KPN1055
KPN1455,KPN1203
KPN1456,KPN1009
KPN1457,KPN1060
KPN1458,KPN1194
KPN1459,KPN1216
KPN1460,KPN1009
KPN1461,KPN1203
KPN1462,KPN918
KPN1463,KPN1060
KPN1464,KPN918
KPN1465,KPN1061
KPN1466,KPN1215
KPN1467,KPN1062
KPN1468,KPN1115
KPN1469,KPN1046
KPN1470,KPN1159
KPN1471,KPN1159
KPN1472,KPN950
KPN1473,KPN1069
KPN1474,KPN1115
KPN1475,KPN1081
KPN1476,KPN1064
KPN1477,KPN1009
KPN1478,KPN1069
KPN1479,KPN918
KPN1480,KPN918
KPN1481,KPN1069
KPN1482,KPN1229
KPN1483,KPN918
KPN1484,KPN1100
KPN1485,KPN1115
KPN1486,KPN1069
KPN1487,KPN1081
KPN1488,KPN944
KPN1489,KPN1080
KPN1490,KPN1112
KPN1491,KPN1080
KPN1492,KPN1009
KPN1493,KPN1069
KPN1494,KPN1098
KPN1495,KPN1100
KPN1496,KPN1009
KPN1497,KPN1046
KPN1498,KPN1081
KPN1499,KPN1062
KPN1500,KPN1081
KPN1501,KPN1285
KPN1502,KPN1263
KPN1503,KPN1263
KPN1504,KPN1249
KPN1505,KPN1069
KPN1506,KPN1273
KPN1507,KPN1272
KPN1508,KPN1100
KPN1509,KPN1133
KPN1510,KPN1133
KPN1511,KPN1069
KPN1512,KPN1064
KPN1513,KPN1112
KPN1514,KPN1081
KPN1515,KPN1080
KPN1516,KPN1081
KPN1517,KPN1064
KPN1518,KPN1274
KPN1519,KPN1101
KPN1520,KPN918
KPN1521,KPN1081
KPN1522,KPN1274
KPN1523,KPN1064
KPN1524,KPN1055
KPN1525,KPN1286
KPN1526,KPN1062
KPN1527,KPN1046
KPN1528,KPN1272
KPN1529,KPN1272
KPN1530,KPN1274
KPN1531,KPN1076
KPN1532,KPN1046
KPN1533,KPN1060
KPN1534,KPN1064
KPN1535,KPN1332
KPN1536,KPN1332
KPN1537,KPN1285
KPN1538,KPN1332
KPN1539,KPN1305
KPN1540,KPN1279
KPN1541,KPN1321
KPN1542,KPN1263
KPN1543,KPN1368
KPN1544,KPN1379
KPN1545,KPN1305
KPN1546,KPN1127
KPN1547,KPN1316
KPN1548,KPN950
KPN1549,KPN950
KPN1550,KPN1281
KPN1551,KPN1112
KPN1552,KPN1133
KPN1553,KPN950
KPN1554,KPN950
KPN1555,KPN1112
KPN1556,KPN950
KPN1557,KPN1283
KPN1558,KPN1283
KPN1559,KPN1151
KPN1560,KPN1064
KPN1561,KPN1133
KPN1562,KPN1080
KPN1563,KPN1127
KPN1564,KPN1127
KPN1565,KPN1127
KPN1566,KPN1060
KPN1567,KPN1280
KPN1568,KPN1127
KPN1569,KPN1170
KPN1570,KPN1151
KPN1571,hanwoo
KPN1572,KPN1267
KPN1573,KPN1263
KPN1574,KPN1236
KPN1575,KPN1279
KPN1576,KPN1319
KPN1577,KPN1263
KPN1578,KPN1423
KPN1579,KPN1416
KPN1580,KPN1203
KPN1581,KPN1332
KPN1582,KPN1337
KPN1583,KPN1263
KPN1584,KPN1416
KPN1585,KPN1069
KPN1586,KPN1272
KPN1587,KPN1203
KPN1588,KPN1203
KPN1589,KPN1272
KPN1590,KPN1046
KPN1591,KPN1112
KPN1592,KPN1115
KPN1593,KPN1203
KPN1594,KPN1350
KPN1595,KPN1350
KPN1596,KPN1203
KPN1597,KPN1213
KPN1598,KPN1127
KPN1599,KPN1127
KPN1600,KPN1274
KPN1601,KPN1081
KPN1602,KPN1281
KPN1603,KPN1274
KPN1604,KPN1274
KPN1605,hanwoo
KPN1606,KPN1420
KPN1607,KPN1263
KPN1608,KPN1446
KPN1609,KPN1203
KPN1610,KPN1446
KPN1611,KPN950
KPN1612,KPN1447
KPN1613,KPN1416
KPN1614,KPN1416
KPN1615,KPN1374
KPN1616,KPN1225
KPN1617,KPN1194
KPN1618,KPN1151
KPN1619,KPN1115
KPN1620,KPN1203
KPN1621,KPN1363
KPN1622,KPN1081
KPN1623,KPN1115
KPN1624,KPN1203
KPN1625,KPN1281
KPN1626,KPN1151
KPN1627,KPN1151
KPN1628,KPN1203
KPN1629,KPN1115
KPN1630,KPN1254
KPN1631,KPN1151
KPN1632,KPN1225
KPN1633,KPN1286
KPN1634,KPN1203
KPN1635,KPN1062
KPN1636,KPN1281
KPN1637,KPN1281
KPN1638,KPN1151
KPN1639,hanwoo
K030,hanwoo
K045,hanwoo
K073,hanwoo
K074,hanwoo
K096,hanwoo
K103,hanwoo
K104,hanwoo
K112,hanwoo
K113,hanwoo
K118,hanwoo
K126,hanwoo
K131,hanwoo
K133,hanwoo
K136,hanwoo
K140,hanwoo
K154,hanwoo
K170,hanwoo
K172,hanwoo
K201,hanwoo
K205,hanwoo
K207,hanwoo
K217,hanwoo
K227,hanwoo
K269,hanwoo
K279,hanwoo
K288,hanwoo
K292,hanwoo
K331,hanwoo
K359,hanwoo
KP041,hanwoo
KP172,hanwoo
KP341,hanwoo
KP344,hanwoo
KP391,hanwoo